{
  "name": "puppetlabs-apt",
  "version": "1.4.0",
  "summary": "Puppet Labs Apt Module",
  "author": "Evolving Web / Puppet Labs",
  "description": "APT Module for Puppet",
  "dependencies": [
    {
      "name": "puppetlabs/stdlib",
      "version_requirement": "\u003e\u003d 2.2.1"
    }
  ],
  "types": [],
  "checksums": {
    ".bundle/config": "7f1c988748783d2a8d455376eed1470c",
    ".fixtures.yml": "0c43f56b0bb8e8d04e8051a0e7aa37a5",
    ".forge-release/pom.xml": "c650a84961ad88de03192e23b63b3549",
    ".forge-release/publish": "1c1d6dd64ef52246db485eb5459aa941",
    ".forge-release/settings.xml": "06d768a57d582fe1ee078b563427e750",
    ".forge-release/validate": "7fffde8112f42a1ec986d49ba80ac219",
    ".nodeset.yml": "78d78c172336a387a1067464434ffbcb",
    ".travis.yml": "782420dcc9d6412c79c30f03b1f3613c",
    "CHANGELOG": "f5488e1e891a8f8c47143dac790ddab3",
    "Gemfile": "1bfa7eb6e30346c9ddb4a8b144b0d255",
    "Gemfile.lock": "8ff8bc3d32bb7412bd97e48190a93b2f",
    "LICENSE": "20bcc606fc61ffba2b8cea840e8dce4d",
    "Modulefile": "b34e93626fbc137cbb651952e7509839",
    "README.md": "65176b395f7202fe5d222ae7b0de4e05",
    "Rakefile": "0428ea3759a4692c91604396c406a9c1",
    "manifests/backports.pp": "09f1d86603d0f44a2169acb3eeea2a70",
    "manifests/builddep.pp": "4f313b5140c84aa7d5793b5a073c30dd",
    "manifests/conf.pp": "5ddf258195d414d93284dfd281a8d6e3",
    "manifests/debian/testing.pp": "aeb625bacb6a8df46c864ee9ee1cb5a5",
    "manifests/debian/unstable.pp": "108038596b05dc1d28975884693f73f5",
    "manifests/force.pp": "cf871e869f4114f32ab164de2a67e7e2",
    "manifests/init.pp": "5ec106a7a03313c544159a9a1f6b78e6",
    "manifests/key.pp": "3cf082ed91a3933ab7218d1be3464f4f",
    "manifests/params.pp": "ca4ce3730a65c43f884ab3e6445f1661",
    "manifests/pin.pp": "dea8cbaabc37010ce25838080608802b",
    "manifests/ppa.pp": "754a83944ae79b5001fc0c0a8c775985",
    "manifests/release.pp": "427f3ee70a6a1e55fa291e58655bd5d9",
    "manifests/source.pp": "6eab8d33c173a066f5dec8474efdedb6",
    "manifests/unattended_upgrades.pp": "e97f908b42010ff9a85be4afd2c721ab",
    "manifests/update.pp": "436c79f160f2cb603710795a9ec71ac7",
    "spec/classes/apt_spec.rb": "54841b04b42026770ed6d744a82c55df",
    "spec/classes/backports_spec.rb": "7d2454a881cc26edd3dcd3acb7ffd20f",
    "spec/classes/debian_testing_spec.rb": "fad1384cb9d3c99b2663d7df4762dc0e",
    "spec/classes/debian_unstable_spec.rb": "11131efffd18db3c96e2bbe3d98a2fb7",
    "spec/classes/params_spec.rb": "a25396d3f0bbac784a7951f03ad7e8f4",
    "spec/classes/release_spec.rb": "d8f01a3cf0c2f6f6952b835196163ce4",
    "spec/classes/unattended_upgrades_spec.rb": "a2e206bda79d24cdb43312d035eff66f",
    "spec/defines/builddep_spec.rb": "e1300bb4f3abbd34029b11d8b733a6e5",
    "spec/defines/conf_spec.rb": "b7fc9fb6cb270c276aacbfa4a43f228c",
    "spec/defines/force_spec.rb": "97098c5b123be49e321e71cda288fe53",
    "spec/defines/key_spec.rb": "7800c30647b1ddf799b991110109cba0",
    "spec/defines/pin_spec.rb": "c912e59e9e3d1145280d659cccabe72b",
    "spec/defines/ppa_spec.rb": "72ce037a1d6ea0a33f369b1f3d98b3d6",
    "spec/defines/source_spec.rb": "e553bb9598dbe2becba6ae7f91d4deb0",
    "spec/spec_helper.rb": "0db89c9a486df193c0e40095422e19dc",
    "spec/spec_helper_system.rb": "e67d2574baae312f1095f90d78fdf5e9",
    "spec/system/apt_builddep_spec.rb": "97be5a48d2d16d96cb7c35ccdbcdcb69",
    "spec/system/apt_key_spec.rb": "098835d0c53c69390d4c3b6ea8ef3815",
    "spec/system/apt_ppa_spec.rb": "c96f6d0bbdafac39beaf0d5e6eba9010",
    "spec/system/apt_source_spec.rb": "df5aa98b03688884903c564bb507469f",
    "spec/system/basic_spec.rb": "0a5b33d18254bedcb7886e34846ebff6",
    "spec/system/class_spec.rb": "2ba4265236f00685c23cb00f908defc1",
    "templates/10periodic.erb": "2aeea866a39f19a62254abbb4f1bc59d",
    "templates/50unattended-upgrades.erb": "ae995ade214fdaefab51d335c85819ae",
    "templates/pin.pref.erb": "623249839cee7788fa0805a3474396db",
    "templates/source.list.erb": "65a016e60daf065c481f3d5f2c883324",
    "tests/builddep.pp": "4773f57072111e58f2ed833fa4489a88",
    "tests/debian/testing.pp": "1cbee56baddd6a91d981db8fddec70fb",
    "tests/debian/unstable.pp": "4b2a090afeb315752262386f4dbcd8ca",
    "tests/force.pp": "2bb6cf0b3d655cb51f95aeb79035e600",
    "tests/init.pp": "551138eb704e71ab3687932dda429a81",
    "tests/key.pp": "371a695e1332d51a38e283a87be52798",
    "tests/params.pp": "900db40f3fc84b0be173278df2ebff35",
    "tests/pin.pp": "4b4c3612d75a19dba8eb7227070fa4ab",
    "tests/ppa.pp": "b902cce8159128b5e8b21bed540743ff",
    "tests/release.pp": "53ce5debe6fa5bee42821767599cc768",
    "tests/source.pp": "9cecd9aa0dcde250fe49be9e26971a98",
    "tests/unattended-upgrades.pp": "cdc853f1b58e5206c5a538621ddca161"
  },
  "source": "https://github.com/puppetlabs/puppetlabs-apt",
  "project_page": "https://github.com/puppetlabs/puppetlabs-apt",
  "license": "Apache License 2.0"
}