{
  "name": "ajcrowe-supervisord",
  "version": "0.2.2",
  "source": "git@github.com/ajcrowe/puppet-supervisord.git",
  "author": "Alex Crowe",
  "license": "Apache License, Version 2.0",
  "summary": "supervisord class and functions",
  "description": "supervisord class and functions",
  "project_page": "https://github.com/ajcrowe/puppet-supervisord",
  "dependencies": [
    {
      "name": "puppetlabs/concat",
      "version_requirement": ">= 1.0.0 <2.0.0"
    },
    {
      "name": "puppetlabs/stdlib",
      "version_requirement": ">= 4.1.0"
    }
  ],
  "types": [

  ],
  "checksums": {
    "Changelog": "2b0ba8fa061603e3edd822c26912815e",
    "Modulefile": "9c397849bafab1df0df227735460053f",
    "README.md": "63d1c74176189f53b22b8704d7dba8b8",
    "lib/puppet/parser/functions/array2csv.rb": "ae5083058174e555cdfbecfadd2c692f",
    "lib/puppet/parser/functions/hash2csv.rb": "c267ba64afbaa7b18041951ee8e4d9d5",
    "manifests/config.pp": "c3c011f54131ee306620807fb246962b",
    "manifests/eventlistener.pp": "e53c2b4bf6aa7dcde2d10b45416d7dce",
    "manifests/fcgi_program.pp": "aee2d0dbb01ee28b093ded58a3e972e9",
    "manifests/group.pp": "5bffd30c8b706ddc96940fb0aed244d4",
    "manifests/init.pp": "617720644630e7dc7082085edcb1d0ca",
    "manifests/install.pp": "9f1f89299aae2d6a0c900494f66de34c",
    "manifests/params.pp": "d41dc8e71727d8fcae07ff6c832de96e",
    "manifests/pip.pp": "daf3a196ebc519abefdfcda91c29f512",
    "manifests/program.pp": "742019174d6888613edd54f1a0adb7a8",
    "manifests/service.pp": "7251e6d23b357025ccb3bf8a69e07bc3",
    "spec/fixtures/manifests/site.pp": "d41d8cd98f00b204e9800998ecf8427e",
    "spec/functions/array2csv_spec.rb": "945581fe7474d7657611cc68099b4078",
    "spec/functions/hash2csv_spec.rb": "b82bab3788ddf858a7c6c8151bd09b69",
    "spec/spec_helper.rb": "7d671cd50100452d6e029f69bdf5b5ad",
    "templates/conf/eventlistener.erb": "80380fe56e7c2d15d362d0e4e6586336",
    "templates/conf/fcgi_program.erb": "221b4c914b7e2900587ef5dd65fc37a5",
    "templates/conf/group.erb": "1863d9ebbd862e56206d306d009e5859",
    "templates/conf/program.erb": "246627aa52d736b4f1b9859562193e1a",
    "templates/init/debian_extra.erb": "3b03632d7d4c953c5bfc0f9361689c79",
    "templates/init/debian_init.erb": "8939c7a33e6d6f5440aad7e6feb48123",
    "templates/init/redhat_extra.erb": "d9e00421431e9742af11cd76dc4dd47b",
    "templates/init/redhat_init.erb": "1d5c354bfb1a4434e2d0632c68c9a81c",
    "templates/supervisord_inet.erb": "1096daa95153f0765cbdbfe52878510e",
    "templates/supervisord_main.erb": "1137f5a8a6a03ed056f3c2fd2df1a118",
    "templates/supervisord_unix.erb": "ba92acd5eb04b122bfee05fc9e7486c6",
    "tests/group.pp": "b9a9115d5f09f6d0bb95dc88fe3b32eb",
    "tests/init.pp": "fdc39271d5e8453bfce434e9c02863ca",
    "tests/program.pp": "e95f17fb25df78384a323c941418afde"
  }
}