{
  "name": "puppetlabs-git",
  "version": "0.0.3",
  "source": "git://github.com/puppetlabs/puppetlabs-git.git",
  "author": "puppetlabs",
  "license": "Apache 2.0",
  "summary": "module for installing git",
  "description": "module for installing git",
  "project_page": "https://github.com/puppetlabs/puppetlabs-git/",
  "dependencies": [

  ],
  "types": [

  ],
  "checksums": {
    "CHANGELOG": "f2e3e57948da2dcab3bdbe782efd6b11",
    "LICENSE": "0e5ccf641e613489e66aa98271dbe798",
    "Modulefile": "f971ce8e90cb5cdf63722c92e0497110",
    "README.md": "8f241391b0165fe286588154a5321aee",
    "manifests/gitosis.pp": "6b1bbd3a43baa63c63f5d03dcb9fbe95",
    "manifests/init.pp": "520e2a141b314dd9b859a0f2d31a338e",
    "tests/gitosis.pp": "4a9f134fbd08096dac65aafa9fbc0742",
    "tests/init.pp": "bbf47fdd0ad67c6fa1d47d39fdd6a94b"
  }
}