{
  "author": "Love Nyberg",
  "source": "git://github.com/jacksoncage/puppet-less",
  "checksums": {
    "manifests/init.pp": "335cf2670ded9ca432f5d8375b2c6d4d",
    "Modulefile": "23f1a999fed2ab87904a2f2c19d49de2",
    "README.markdown": "bcc7473eb864d67ba114306925f1490f",
    "LICENSE": "2a944942e1496af1886903d274dedb13"
  },
  "dependencies": [

  ],
  "version": "0.1.1",
  "project_page": "http://github.com/puppetlabs/puppet-less",
  "summary": "Install less command",
  "description": "Killall Module for Debian, Ubuntu, CentOS, RHEL, & Arch",
  "license": "Apache Version 2.0",
  "name": "jacksoncage-less",
  "types": [

  ]
}