{
  "name": "puppetlabs-concat",
  "version": "1.0.0",
  "source": "git://github.com/puppetlabs/puppetlabs-concat.git",
  "author": "Puppetlabs",
  "license": "Apache 2.0",
  "summary": "Concat module",
  "description": "Concat module",
  "project_page": "http://github.com/puppetlabs/puppetlabs-concat",
  "dependencies": [

  ],
  "types": [

  ],
  "checksums": {
    "CHANGELOG": "89220fae3ab04a350132fe94d7a6ca00",
    "Gemfile": "a913d6f7a0420e07539d8ff1ef047ffb",
    "LICENSE": "f5a76685d453424cd63dde1535811cf0",
    "Modulefile": "f99ee2f6778b9e23635ac1027888bbd3",
    "README": "d15ec3400f628942dd7b7fa8c1a18da3",
    "README.markdown": "d82e203d729ea4785bdcaca1be166e62",
    "Rakefile": "0428ea3759a4692c91604396c406a9c1",
    "files/concatfragments.sh": "2fbba597a1513eb61229551d35d42b9f",
    "lib/facter/concat_basedir.rb": "e152593fafe27ef305fc473929c62ca6",
    "manifests/fragment.pp": "196ee8e405b3a31b84ae618ed54377ed",
    "manifests/init.pp": "8d0cc8e9cf145ca7a23db05a30252476",
    "manifests/setup.pp": "2246572410d94c68aff310f8132c55b4",
    "spec/defines/init_spec.rb": "35e41d4abceba0dca090d3addd92bb4f",
    "spec/fixtures/manifests/site.pp": "d41d8cd98f00b204e9800998ecf8427e",
    "spec/spec_helper.rb": "0db89c9a486df193c0e40095422e19dc",
    "spec/spec_helper_system.rb": "9c3742bf87d62027f080c6b9fa98b979",
    "spec/system/basic_spec.rb": "9135d9af6a21f16980ab59b58e91ed9a",
    "spec/system/concat_spec.rb": "5fe675ec42ca441d0c7e431c31bbc238",
    "spec/system/empty_spec.rb": "51ab1fc7c86268f1ab1cda72dc5ff583",
    "spec/system/replace_spec.rb": "275295e6b4f04fc840dc3f87faf56249",
    "spec/system/warn_spec.rb": "0ea35b44e8f0ac5352256f95115995ce"
  }
}